Auto-update on Sun May 25 04:06:14 UTC 2025
Auto-update on Mon May 26 03:35:17 UTC 2025
Auto-update on Tue May 27 03:31:00 UTC 2025
Auto-update on Wed May 28 03:32:23 UTC 2025
Auto-update on Thu May 29 03:33:37 UTC 2025
Auto-update on Fri May 30 03:31:52 UTC 2025
Auto-update on Sat May 31 03:29:48 UTC 2025
Auto-update on Sun Jun  1 03:52:26 UTC 2025
Auto-update on Mon Jun  2 03:41:40 UTC 2025
Auto-update on Tue Jun  3 03:35:30 UTC 2025
Auto-update on Wed Jun  4 03:36:19 UTC 2025
Auto-update on Thu Jun  5 03:36:57 UTC 2025
Auto-update on Fri Jun  6 03:36:02 UTC 2025
Auto-update on Sat Jun  7 03:32:41 UTC 2025
Auto-update on Sun Jun  8 03:41:52 UTC 2025
Auto-update on Mon Jun  9 03:42:02 UTC 2025
Auto-update on Tue Jun 10 03:37:44 UTC 2025
Auto-update on Wed Jun 11 03:37:26 UTC 2025
Auto-update on Thu Jun 12 03:36:22 UTC 2025
Auto-update on Fri Jun 13 03:37:14 UTC 2025
Auto-update on Sat Jun 14 03:31:52 UTC 2025
Auto-update on Sun Jun 15 03:42:10 UTC 2025
Auto-update on Mon Jun 16 03:42:33 UTC 2025
Auto-update on Tue Jun 17 03:37:33 UTC 2025
Auto-update on Wed Jun 18 03:36:59 UTC 2025
Auto-update on Thu Jun 19 03:37:26 UTC 2025
Auto-update on Fri Jun 20 03:36:30 UTC 2025
Auto-update on Sat Jun 21 03:33:07 UTC 2025
Auto-update on Sun Jun 22 03:43:29 UTC 2025
Auto-update on Mon Jun 23 03:45:54 UTC 2025
Auto-update on Tue Jun 24 03:38:32 UTC 2025
Auto-update on Wed Jun 25 03:40:32 UTC 2025
Auto-update on Thu Jun 26 01:26:54 UTC 2025
Auto-update on Fri Jun 27 01:27:47 UTC 2025
Auto-update on Sat Jun 28 01:25:01 UTC 2025
Auto-update on Sun Jun 29 01:44:51 UTC 2025
Auto-update on Mon Jun 30 01:41:15 UTC 2025
Auto-update on Tue Jul  1 01:46:13 UTC 2025
Auto-update on Wed Jul  2 01:27:42 UTC 2025
Auto-update on Thu Jul  3 01:27:44 UTC 2025
Auto-update on Fri Jul  4 01:27:18 UTC 2025
Auto-update on Sat Jul  5 01:24:35 UTC 2025
Auto-update on Sun Jul  6 01:43:24 UTC 2025
Auto-update on Mon Jul  7 01:41:26 UTC 2025
Auto-update on Tue Jul  8 01:28:08 UTC 2025
Auto-update on Wed Jul  9 01:38:08 UTC 2025
Auto-update on Thu Jul 10 01:38:11 UTC 2025
Auto-update on Fri Jul 11 01:39:11 UTC 2025
Auto-update on Sat Jul 12 01:40:41 UTC 2025
Auto-update on Sun Jul 13 01:47:29 UTC 2025
Auto-update on Mon Jul 14 01:43:42 UTC 2025
Auto-update on Tue Jul 15 01:44:04 UTC 2025
Auto-update on Wed Jul 16 01:40:45 UTC 2025
Auto-update on Thu Jul 17 01:41:39 UTC 2025
Auto-update on Fri Jul 18 01:42:27 UTC 2025
Auto-update on Sat Jul 19 01:38:06 UTC 2025
Auto-update on Sun Jul 20 01:49:14 UTC 2025
Auto-update on Mon Jul 21 01:46:49 UTC 2025
Auto-update on Tue Jul 22 01:41:50 UTC 2025
Auto-update on Wed Jul 23 01:42:42 UTC 2025
Auto-update on Thu Jul 24 01:41:57 UTC 2025
Auto-update on Fri Jul 25 01:41:39 UTC 2025
Auto-update on Sat Jul 26 01:38:45 UTC 2025
Auto-update on Sun Jul 27 01:49:43 UTC 2025
Auto-update on Mon Jul 28 01:48:05 UTC 2025
Auto-update on Tue Jul 29 01:53:46 UTC 2025
Auto-update on Wed Jul 30 01:44:10 UTC 2025
Auto-update on Thu Jul 31 01:43:27 UTC 2025
Auto-update on Fri Aug  1 01:53:22 UTC 2025
Auto-update on Sat Aug  2 01:38:57 UTC 2025
Auto-update on Sun Aug  3 01:51:18 UTC 2025
Auto-update on Mon Aug  4 01:51:30 UTC 2025
Auto-update on Tue Aug  5 01:46:36 UTC 2025
Auto-update on Wed Aug  6 01:44:49 UTC 2025
Auto-update on Thu Aug  7 01:45:03 UTC 2025
Auto-update on Fri Aug  8 01:44:30 UTC 2025
Auto-update on Sat Aug  9 01:27:16 UTC 2025
Auto-update on Sun Aug 10 01:48:01 UTC 2025
Auto-update on Mon Aug 11 01:45:01 UTC 2025
Auto-update on Tue Aug 12 01:26:34 UTC 2025
Auto-update on Wed Aug 13 01:28:06 UTC 2025
Auto-update on Thu Aug 14 01:28:11 UTC 2025
Auto-update on Fri Aug 15 01:37:44 UTC 2025
Auto-update on Sat Aug 16 01:24:37 UTC 2025
Auto-update on Sun Aug 17 01:42:27 UTC 2025
Auto-update on Mon Aug 18 01:42:51 UTC 2025
Auto-update on Tue Aug 19 01:24:27 UTC 2025
Auto-update on Wed Aug 20 01:22:39 UTC 2025
Auto-update on Thu Aug 21 01:21:44 UTC 2025
Auto-update on Fri Aug 22 01:22:35 UTC 2025
Auto-update on Sat Aug 23 01:19:55 UTC 2025
Auto-update on Sun Aug 24 01:38:59 UTC 2025
Auto-update on Mon Aug 25 01:25:41 UTC 2025
Auto-update on Tue Aug 26 01:23:22 UTC 2025
Auto-update on Wed Aug 27 01:20:49 UTC 2025
Auto-update on Thu Aug 28 01:20:14 UTC 2025
Auto-update on Fri Aug 29 01:20:46 UTC 2025
Auto-update on Sat Aug 30 01:16:43 UTC 2025
Auto-update on Sun Aug 31 01:25:14 UTC 2025
Auto-update on Mon Sep  1 01:41:24 UTC 2025
Auto-update on Tue Sep  2 01:21:28 UTC 2025
Auto-update on Wed Sep  3 01:16:48 UTC 2025
Auto-update on Thu Sep  4 01:16:39 UTC 2025
Auto-update on Fri Sep  5 01:18:36 UTC 2025
Auto-update on Sat Sep  6 01:16:23 UTC 2025
Auto-update on Sun Sep  7 01:23:59 UTC 2025
Auto-update on Mon Sep  8 01:22:27 UTC 2025
Auto-update on Tue Sep  9 01:19:45 UTC 2025
Auto-update on Wed Sep 10 01:17:14 UTC 2025
Auto-update on Thu Sep 11 01:19:19 UTC 2025
Auto-update on Fri Sep 12 01:16:16 UTC 2025
Auto-update on Sat Sep 13 01:13:02 UTC 2025
Auto-update on Sun Sep 14 01:23:17 UTC 2025
Auto-update on Mon Sep 15 01:23:38 UTC 2025
Auto-update on Tue Sep 16 01:17:12 UTC 2025
Auto-update on Wed Sep 17 01:17:21 UTC 2025
Auto-update on Thu Sep 18 01:17:01 UTC 2025
Auto-update on Fri Sep 19 01:19:18 UTC 2025
Auto-update on Sat Sep 20 01:15:47 UTC 2025
Auto-update on Sun Sep 21 01:25:29 UTC 2025
Auto-update on Mon Sep 22 01:24:35 UTC 2025
Auto-update on Tue Sep 23 01:17:57 UTC 2025
Auto-update on Wed Sep 24 01:18:27 UTC 2025
Auto-update on Thu Sep 25 01:19:11 UTC 2025
Auto-update on Fri Sep 26 01:18:50 UTC 2025
Auto-update on Sat Sep 27 01:15:40 UTC 2025
Auto-update on Sun Sep 28 01:26:13 UTC 2025
Auto-update on Mon Sep 29 01:20:47 UTC 2025
Auto-update on Tue Sep 30 01:19:48 UTC 2025
Auto-update on Wed Oct  1 01:27:16 UTC 2025
Auto-update on Thu Oct  2 01:17:18 UTC 2025
Auto-update on Fri Oct  3 01:17:01 UTC 2025
Auto-update on Sat Oct  4 01:14:53 UTC 2025
Auto-update on Sun Oct  5 01:25:25 UTC 2025
Auto-update on Mon Oct  6 01:19:32 UTC 2025
Auto-update on Tue Oct  7 01:18:15 UTC 2025
Auto-update on Wed Oct  8 01:18:08 UTC 2025
Auto-update on Thu Oct  9 01:18:50 UTC 2025
Auto-update on Fri Oct 10 01:19:07 UTC 2025
Auto-update on Sat Oct 11 01:16:02 UTC 2025
Auto-update on Sun Oct 12 01:22:37 UTC 2025
Auto-update on Mon Oct 13 01:24:04 UTC 2025
Auto-update on Tue Oct 14 01:18:55 UTC 2025
Auto-update on Wed Oct 15 01:21:06 UTC 2025
Auto-update on Thu Oct 16 01:20:20 UTC 2025
Auto-update on Fri Oct 17 01:20:18 UTC 2025
Auto-update on Sat Oct 18 01:16:10 UTC 2025
Auto-update on Sun Oct 19 01:36:53 UTC 2025
Auto-update on Mon Oct 20 01:26:15 UTC 2025
Auto-update on Tue Oct 21 01:22:23 UTC 2025
Auto-update on Wed Oct 22 01:23:47 UTC 2025
Auto-update on Thu Oct 23 01:21:47 UTC 2025
Auto-update on Fri Oct 24 01:18:03 UTC 2025
Auto-update on Sat Oct 25 01:19:13 UTC 2025
Auto-update on Sun Oct 26 01:26:54 UTC 2025
Auto-update on Mon Oct 27 01:28:22 UTC 2025
Auto-update on Tue Oct 28 01:20:41 UTC 2025
Auto-update on Wed Oct 29 01:26:17 UTC 2025
Auto-update on Thu Oct 30 01:25:32 UTC 2025
Auto-update on Fri Oct 31 01:23:04 UTC 2025
Auto-update on Sat Nov  1 01:27:19 UTC 2025
Auto-update on Sun Nov  2 01:28:16 UTC 2025
Auto-update on Mon Nov  3 01:26:54 UTC 2025
Auto-update on Tue Nov  4 01:23:40 UTC 2025
Auto-update on Wed Nov  5 01:25:06 UTC 2025
Auto-update on Thu Nov  6 01:24:39 UTC 2025
Auto-update on Fri Nov  7 01:24:23 UTC 2025
Auto-update on Sat Nov  8 01:19:56 UTC 2025
Auto-update on Sun Nov  9 01:27:41 UTC 2025
Auto-update on Mon Nov 10 01:27:33 UTC 2025
Auto-update on Tue Nov 11 01:25:07 UTC 2025
Auto-update on Wed Nov 12 01:24:34 UTC 2025
Auto-update on Thu Nov 13 01:25:25 UTC 2025
Auto-update on Fri Nov 14 01:25:24 UTC 2025
Auto-update on Sat Nov 15 01:22:21 UTC 2025
Auto-update on Sun Nov 16 01:37:32 UTC 2025
Auto-update on Mon Nov 17 01:25:27 UTC 2025
Auto-update on Tue Nov 18 01:24:28 UTC 2025
Auto-update on Wed Nov 19 01:24:18 UTC 2025
Auto-update on Thu Nov 20 01:22:53 UTC 2025
Auto-update on Fri Nov 21 01:23:54 UTC 2025
Auto-update on Sat Nov 22 01:21:03 UTC 2025
Auto-update on Sun Nov 23 01:43:45 UTC 2025
Auto-update on Mon Nov 24 01:38:53 UTC 2025
Auto-update on Tue Nov 25 01:25:01 UTC 2025
Auto-update on Wed Nov 26 01:24:53 UTC 2025
Auto-update on Thu Nov 27 01:23:57 UTC 2025
Auto-update on Fri Nov 28 01:23:06 UTC 2025
Auto-update on Sat Nov 29 01:23:19 UTC 2025
Auto-update on Sun Nov 30 01:42:59 UTC 2025
Auto-update on Mon Dec  1 01:50:09 UTC 2025
Auto-update on Tue Dec  2 01:26:32 UTC 2025
Auto-update on Wed Dec  3 01:26:35 UTC 2025
Auto-update on Thu Dec  4 01:27:23 UTC 2025
Auto-update on Fri Dec  5 01:27:09 UTC 2025
Auto-update on Sat Dec  6 01:22:40 UTC 2025
Auto-update on Sun Dec  7 01:43:19 UTC 2025
Auto-update on Mon Dec  8 01:27:24 UTC 2025
Auto-update on Tue Dec  9 01:26:52 UTC 2025
Auto-update on Wed Dec 10 01:38:21 UTC 2025
Auto-update on Thu Dec 11 01:38:42 UTC 2025
Auto-update on Fri Dec 12 01:38:17 UTC 2025
Auto-update on Sat Dec 13 01:24:30 UTC 2025
Auto-update on Sun Dec 14 01:43:48 UTC 2025
Auto-update on Mon Dec 15 01:42:01 UTC 2025
Auto-update on Tue Dec 16 01:39:09 UTC 2025
Auto-update on Wed Dec 17 01:25:27 UTC 2025
Auto-update on Thu Dec 18 01:26:00 UTC 2025
Auto-update on Fri Dec 19 01:38:22 UTC 2025
Auto-update on Sat Dec 20 01:25:01 UTC 2025
Auto-update on Sun Dec 21 01:43:58 UTC 2025
Auto-update on Mon Dec 22 01:43:04 UTC 2025
Auto-update on Tue Dec 23 01:38:57 UTC 2025
Auto-update on Wed Dec 24 01:37:37 UTC 2025
Auto-update on Thu Dec 25 01:39:15 UTC 2025
Auto-update on Fri Dec 26 01:38:54 UTC 2025
Auto-update on Sat Dec 27 01:27:40 UTC 2025
Auto-update on Sun Dec 28 01:48:35 UTC 2025
Auto-update on Mon Dec 29 01:47:06 UTC 2025
Auto-update on Tue Dec 30 01:39:29 UTC 2025
Auto-update on Wed Dec 31 01:40:10 UTC 2025
Auto-update on Thu Jan  1 01:49:47 UTC 2026
Auto-update on Fri Jan  2 01:41:38 UTC 2026
Auto-update on Sat Jan  3 01:26:50 UTC 2026
Auto-update on Sun Jan  4 01:49:55 UTC 2026
Auto-update on Mon Jan  5 01:49:52 UTC 2026
Auto-update on Tue Jan  6 01:41:37 UTC 2026
Auto-update on Wed Jan  7 01:41:19 UTC 2026
Auto-update on Thu Jan  8 01:41:26 UTC 2026
Auto-update on Fri Jan  9 01:42:05 UTC 2026
Auto-update on Sat Jan 10 01:38:42 UTC 2026
Auto-update on Sun Jan 11 01:50:04 UTC 2026
Auto-update on Mon Jan 12 01:46:25 UTC 2026
Auto-update on Tue Jan 13 01:38:29 UTC 2026
Auto-update on Wed Jan 14 01:45:40 UTC 2026
Auto-update on Thu Jan 15 01:40:35 UTC 2026
Auto-update on Fri Jan 16 01:42:27 UTC 2026
Auto-update on Sat Jan 17 01:37:33 UTC 2026
Auto-update on Sun Jan 18 01:48:31 UTC 2026
Auto-update on Mon Jan 19 01:47:01 UTC 2026
Auto-update on Tue Jan 20 01:42:09 UTC 2026
Auto-update on Wed Jan 21 01:45:07 UTC 2026
Auto-update on Thu Jan 22 01:45:06 UTC 2026
Auto-update on Fri Jan 23 01:42:04 UTC 2026
Auto-update on Sat Jan 24 01:39:34 UTC 2026
Auto-update on Sun Jan 25 01:51:42 UTC 2026
Auto-update on Mon Jan 26 01:51:06 UTC 2026
Auto-update on Tue Jan 27 01:48:17 UTC 2026
Auto-update on Wed Jan 28 01:44:42 UTC 2026
